Dataset Name,Category,Year,Total Hours,Number of Participants,Access Level,URL Status,License Type,Modalities Present,Primary URL,Alternative URLs,Primary Paper,Download Mechanism,Signup/Application Process,Typical Approval Time,Commercial Use Permitted?,Derivative Works Permitted?,Redistribution Permitted?,Privacy/Ethics Notes,Total Frames,Number of Scenes/Environments,Resolution,Frame Rate (fps),Download Size (estimated),Video Format,Annotation Format,Data Structure,Dataloader Available?,Documentation Quality (0-3),Official Toolkit/Code,Last Updated,Approximate Citations,Key Findings/Issues
Ego4D,Large-scale foundation,2022,3670,931,Gated-Open,Live,Custom Academic,RGB video; Audio; IMU; Eye gaze; 3D scene reconstruction; Narrations/captions,https://ego4d-data.org/,https://github.com/facebookresearch/Ego4d,CVPR 2022; arXiv 2110.07058,CLI tool (ego4d) + AWS S3 after license approval,Sign license at ego4d.dev via HelloSign; individual or institutional,~48 hours,Yes (separate commercial license available),Yes with restrictions per license,No,Per-site IRB; some videos redacted; privacy@ego4d-data.org for concerns,Not reported,74 locations; 9 countries,Varies (native; 30fps standardized version),30 (standardized); native varies,>5 TB (full); subsets available,MP4,JSON,Custom; CLI-based subset selection,Yes (PyTorch; ego4d Python module),3,https://github.com/facebookresearch/Ego4d,2023+ (v2.0 public),~1450 (Semantic Scholar),AWS credentials expire in 14 days (renewable). 7 different cameras used. Website says 923 participants but paper says 931 (we use paper value). Stereo RGB capture available for portions. Well-documented with notebooks and visualization tools.
Ego-Exo4D,Ego-exo cross-view,2024,1286,740+,Gated-Open,Live,Custom Academic,RGB video; Audio; IMU; Eye gaze; 3D point clouds; SLAM/odometry; Body pose annotations; Hand pose annotations; Narrations/captions,https://ego-exo4d-data.org/,https://docs.ego-exo4d-data.org/,CVPR 2024; IJCV 2025; arXiv 2311.18259,CLI tool (egoexo) + AWS S3 after license approval,Sign license at ego4ddataset.com/egoexo-license/ via HelloSign,~48 hours,Yes (commercial license option per agreement),Yes with restrictions,No,Closed environments; formal consent; Project Aria guidelines followed,Not reported,123 sites; 13 cities,8MP RGB ego (Aria); GoPro exo (varies),Varies,~14 TiB (recommended set),MP4; VRS (Aria native),JSON,Custom; CLI-based download,Yes (ego4d Python module),3,https://github.com/facebookresearch/Ego4d,March 2024 (v2 update),~200 (Semantic Scholar; CVPR 2024 paper),Synchronized ego (Aria) + 4-5 exo (GoPro) views. 8 activity scenarios. Aria MPS provides 6DoF localization and eye gaze.
EPIC-KITCHENS-100,Large-scale foundation,2021,100,37,Open,Live,CC-BY-NC-4.0,RGB video; Audio; Optical flow; IMU,https://epic-kitchens.github.io/2024,https://data.bris.ac.uk/data/dataset/2g1n6qdydwa9u22shpxqzp0t8m; Academic Torrents (795 GB),IJCV 2022 (vol. 130); arXiv 2006.13256,Direct download (data.bris.ac.uk 740GB zip); Academic Torrents; download scripts on GitHub,None,Immediate,No,Yes with attribution,Yes (non-commercial; with attribution),Filmed in participants' homes; consent obtained; unintended biases noted in README,20M,45 kitchens; 4 cities,1920x1080 (Full HD),60 (native); 50 for some,~740 GiB (zip); ~1.1 TB with original sequences,MP4; image sequences (RGB + optical flow frames),CSV; pickle (pkl),Custom; per-participant folders,Yes (epic-kitchens-100 Python library),3,https://github.com/epic-kitchens/epic-kitchens-100-annotations,July 2024 (challenge winners announced),~800 (Google Scholar combined; IJCV paper alone: ~89 on S2),Gold standard egocentric kitchen dataset. Erratum for 2 videos' pre-extracted frames. HF mirror (awsaf49) is broken (DatasetGenerationCastError).
EPIC-KITCHENS-55,Classic,2018,55,32,Open,Live,CC-BY-NC-4.0,RGB video; Audio; Optical flow,https://epic-kitchens.github.io/2018,https://github.com/epic-kitchens/epic-kitchens-55-annotations; data.bris.ac.uk (1TB zip),ECCV 2018; arXiv 1804.02748,Direct download (data.bris.ac.uk 1TB zip); download scripts on GitHub,None,Immediate,No,Yes with attribution,Yes (non-commercial; with attribution),Native home kitchens; consent obtained,11.5M,32 kitchens; 4 cities,1920x1080 (Full HD),60,~1 TB (zip),MP4; image sequences,CSV,Custom; per-participant folders,Yes (epic-kitchens Python library),2,https://github.com/epic-kitchens/epic-kitchens-55-annotations,Superseded by EPIC-KITCHENS-100,~1500 (Semantic Scholar; ECCV 2018 paper),Original version. Subsumed by EPIC-KITCHENS-100 with updated annotations. License explicitly CC-BY-NC-4.0 on website footer.
HD-EPIC,Large-scale foundation,2025,41,9,Open,Live,CC-BY-NC-4.0,RGB video; Audio; Eye gaze; 3D scene reconstruction; Hand pose annotations; Object tracking,https://hd-epic.github.io/,https://data.bristol.ac.uk/data/dataset/3cqb5b81wk2dc2379fx1mrxh47,CVPR 2025; arXiv 2502.04144,Direct download (data.bris.ac.uk 2.3 TiB zip),None,Immediate,No,Yes with attribution,Yes (non-commercial; with attribution),Unscripted home recordings; consent obtained; digital twins of kitchens,4.4M,9 kitchens; 413 kitchen fixtures (digital twins),1920x1080 (assumed; EPIC-KITCHENS family standard),50 or 60 (EPIC-KITCHENS family standard),2.3 TiB,Not specified,Not specified (multiple annotation types),Custom,Unknown,2,https://github.com/epic-kitchens (org),March 2025,~20 (new),263 annotations/min; 59K fine-grained actions; 69 recipes; VQA benchmark (26.6K questions). Part of EPIC-KITCHENS family.
EgoLife,Large-scale foundation,2025,300,6,Gated-Open,Live,S-Lab License,RGB video; Audio; IMU; Eye gaze; Multi-view; mmWave,https://egolife-ai.github.io/blog/,https://github.com/EvolvingLMMs-Lab/EgoLife; https://huggingface.co/collections/lmms-lab/egolife-67c04574c2a9b64ab312c342,CVPR 2025; arXiv 2503.03803,HuggingFace Hub (video collection); GitHub (code + annotations),HuggingFace login + accept S-Lab license terms,Unknown,Unclear (S-Lab license terms not fully public),Unclear,Unclear,6 consenting participants; EgoBlur privacy pipeline; faces blurred; Meta Aria glasses,Not reported,1 (custom EgoHouse + outdoor locations),Aria glasses native + GoPro,Not specified,Unknown,MP4,JSON (captions; QA; transcripts),Custom,Yes (EgoGPT and EgoRAG code),2,https://github.com/EvolvingLMMs-Lab/EgoLife,February 2025,~75,Week-long continuous recording of 6 people living together. EgoLifeQA benchmark (3K questions). S-Lab license now publicly visible on GitHub (EvolvingLMMs-Lab/EgoLife). HuggingFace videos released. Non-commercial research use.
Xperience-10M,Large-scale foundation,2026,10000,Not specified,Gated-Open,Live,CC-BY-NC-4.0,RGB video; Audio; Depth (stereo); IMU; Hand pose annotations; Body pose annotations; SLAM/odometry; Narrations/captions,https://huggingface.co/datasets/ropedia-ai/xperience-10m,https://ropedia.com/blog/20260316_xperience_10m; https://github.com/Ropedia,Blog post March 2026 (no arxiv found),HuggingFace Hub (gated; login + accept terms required),HuggingFace login; review and accept conditions on HF dataset page,Unknown,No,Yes with attribution (non-commercial),No (controlled distribution per HF page),Egocentric recordings of real humans; consent and review procedures; privacy policy on HF page,2.88B RGB; 720M depth; 576M pose/mocap,Not specified,Not specified,Not specified,~1 PB,Video files + HDF5,HDF5 (annotation.hdf5 per episode),Custom episode-based; HDF5,Yes (HOMIE-toolkit),2,https://github.com/Ropedia,March 2026,<10 (very new),License is CC-BY-NC-4.0 (confirmed on HuggingFace page). ~1 PB total — requires massive storage. Released at GTC March 2026. No formal paper yet.
OpenEgo,Hand-object interaction,2025,1107,258+,Open,Live but broken,Mixed,RGB video; Hand pose annotations; Narrations/captions,https://www.openegocentric.com/,https://github.com/ahadjawaid/openego; https://github.com/physicalinc/openego,arXiv 2509.05513,Box link on GitHub README; download script 'coming soon',None (direct Box link),Immediate,Varies (some sources CC-BY-NC-ND),Varies by constituent dataset,Varies by constituent dataset,Built from 6 public datasets; original licenses respected; privacy risks noted in paper,119.6M,600+ (10 kitchens; 610 indoor rooms),Varies,Varies,Unknown,Varies (per constituent dataset),Unified JSON/CSV,Custom unified; pip installable,Yes (openego Python package),2,https://github.com/ahadjawaid/openego,September 2025,<20,Website loads but has minimal content (just title). Actual download via Box link on GitHub. Consolidates CaptainCook4D; HOI4D; HoloAssist; EgoDex; HOT3D; HO-Cap. MIT license on setup.py.
EgoVid-5M,Video generation,2024,Not reported,Not reported,Open,Live but broken,Not specified,RGB video; IMU; Narrations/captions,https://egovid.github.io/,https://github.com/JeffWang987/EgoVid; https://modelscope.cn/datasets/iic/EgoVid/ (metadata),NeurIPS 2025 D&B Track; arXiv 2411.08380,ModelScope (metadata); video download mechanism unclear,Not specified,Unknown,Not specified,Not specified,Not specified,Curated from existing egocentric video; cleaned pipeline,Not reported,Diverse (indoor; outdoor; sports; office),1080p,Not specified,Unknown,MP4,CSV (kinematic + val); ZIP (poses),Custom,None found,1,https://github.com/JeffWang987/EgoVid,2024,~50,"Website loads but 'Meta Data' link goes to ModelScope (China). Videos sourced from Ego4D (curated+cleaned). No direct video download mechanism documented publicly. Known IMU data issues (use pose annotations). License checked: website, GitHub, paper, ModelScope — none found."
GTEA,Classic,2011,<2,4,Open,Live,Not specified,RGB video,http://cbs.ic.gatech.edu/fpv/,https://ai.stanford.edu/~alireza/GTEA/,CVPR 2011 (Fathi et al.),Direct download (Dropbox links on page),None,Immediate,Not specified,Not specified,Not specified,Cap-mounted camera; no anonymization noted,Not reported,1 (kitchen table),405x720 (rectified),15,Small (GBs),MP4/video + PNG frames,Text (action labels: verb + nouns),Custom,None,1,None,2015 (last noted on page),~600,"Dropbox download links verified on page. License checked: website, paper — none found. Page recommends replacing with EGTEA Gaze+."
GTEA Gaze,Classic,2012,~2,14,Open,Live,Not specified,RGB video; Eye gaze,http://cbs.ic.gatech.edu/fpv/,https://ai.stanford.edu/~alireza/GTEA_Gaze_Website/,ECCV 2012 (Fathi et al.),Direct download (Dropbox link on page),None,Immediate,Not specified,Not specified,Not specified,Tobii eye-tracking glasses; gaze data included,Not reported,1 (kitchen table setup),960x720 (Tobii glasses),15 (extracted),Small (GBs),Video + frames,Text (action labels),Custom,None,1,None,~2012,~500,"Single Dropbox zip on page. License checked: website, paper — none found. Page recommends replacing with EGTEA Gaze+. GTEA Gaze+ (separate; 10 subjects; SMI glasses; 24fps; HD; 7 activities) also available on same page."
EGTEA Gaze+,Classic,2018,28,32,Open,Live,Not specified,RGB video; Audio; Eye gaze; Hand masks,http://cbs.ic.gatech.edu/fpv/,None found,TPAMI 2021 (Li et al.); CVPR 2015; ECCV 2018,Direct download (Dropbox links on page for each component),None,Immediate,Not specified,Not specified,Not specified,De-identified videos noted; SMI eye-tracking glasses,Not reported,86 sessions; 1 kitchen (AwareHome),1280x960,24 (video); 30 (gaze),~25 GB,MP4,Text (10325 action instances); hand masks (15176 masks),Custom,None,2,None,November 2017,~400,"Largest of GTEA family. License checked: website, paper — none found. Recommended version by the authors."
ADL (Activities of Daily Living),Classic,2012,~10,20,Open,Redirect,Not specified,RGB video,https://www.csee.umbc.edu/~hpirsiav/papers/ADLdataset/,https://web.cs.ucdavis.edu/~hpirsiav/papers/ADLdataset/ (working mirror),CVPR 2012 (Pirsiavash & Ramanan),Direct download from UC Davis mirror (43.1 GB videos; 2.2 MB annotations),None,Immediate,Not specified,Not specified,Not specified,Unscripted daily activities in native homes; no anonymization noted,1M,20 native home environments,1280x720,30,~43 GB (videos) + 2.2 MB (annotations),Video files,Object annotations; activity labels; hand positions; interaction events,Custom,None,1,None (ADL_code.zip on page),~2012,~800,"UMBC URL redirects to userpages.cs.umbc.edu (empty page). UC Davis mirror is live with all download links. License checked: UC Davis page, paper — none found."
CMU-MMAC,Classic,2009,~10,46,Open,Live,Custom Open,RGB video; Audio; IMU; Motion capture,http://kitchen.cs.cmu.edu/,None needed,CMU-RI-TR-08-22 (2008),Direct download from website (per-subject data files),None; free to use; cite and email jkh+mocap@cs.cmu.edu,Immediate,Yes (explicitly 'free to use for any purpose'),Yes,Not specified,Lab setting (CMU Motion Capture Lab); controlled environment,Not reported,1 (CMU Motion Capture Lab kitchen),1024x768 (30fps); 640x480 (60fps); 800x600 (wearable),30 (high-res); 60 (high-fps); 30 (wearable),Unknown (per-subject downloads),AVI; video files,Matlab; custom,Custom; per-subject; 3 sub-datasets (Main; Anomalous; Pilot),Matlab visualization tool,2,http://kitchen.cs.cmu.edu/tools.php,March 2010 (last upload),~400,Explicit 'free to use for any purpose' + NSF acknowledgment requested. 43 subjects (more than commonly cited 18-25). Includes anomalous dataset (fires; distractions).; 25 subjects initially recorded in pilot phase
UT Egocentric,Classic,2012,~15,4,Gated-Open,Live,Not specified,RGB video,http://vision.cs.utexas.edu/projects/egocentric_data/UT_Egocentric_Dataset.html,None found,CVPR 2012 (Lee et al.),Registration form required (download_register.html); 1.4 GB,Registration form on website,Unknown,Not specified,Not specified,Not specified,Faces artificially blurred; only 4 of 10 videos shared for privacy reasons,Not reported,Various daily environments,320x480,15,1.4 GB,Video files,Ground-truth important region annotations (zip),Custom,None,1,None,~2013,~400,"Correct URL is egocentric_data/UT_Egocentric_Dataset.html (not /projects/egocentric/). Looxcie wearable camera. Faces blurred. License checked: website, paper — none found."
UEC Dataset,Classic,2011,Unknown,Unknown,Open,Live but broken,Not specified,RGB video,http://www.cs.cmu.edu/~kkitani/datasets/,None found,CVPR 2011 (Kitani et al.),Unknown (page shows Zoombie hand dataset; not ego-action datasets),None,Immediate,Not specified,Not specified,Not specified,Not documented,Not reported,Choreographed + YouTube sports,Not specified,Not specified,Unknown,Not specified,Not specified,Custom,None,0,None,Unknown,~200,Page shows 'Zoombie Dataset' (hand detection data). The ego-action choreographed datasets from CVPR 2011 (Kitani et al. 'Fast Unsupervised Ego-Action Learning for First-Person Sports Videos') are not findable on this URL. The actual dataset may be lost. License checked: website — none found.
FPPA,Classic,2015,Unknown,5,Restricted,Live but broken,Not specified,RGB video,https://tamaraberg.com/prediction/Prediction.html,None found,ICCV 2015 (Zhou & Berg),Email authors (yipin@cs.unc.edu) to receive download link,Email yipin@cs.unc.edu to get download link,Unknown,Not specified,Not specified,Not specified,Not documented,Not reported,Unknown,Not specified,Not specified,6.8 GB,Not specified,Not specified,Custom,None,1,None,~2015,~100,"Page loads but says 'email yipin@cs.unc.edu to get the link for download'. No direct download. 6.8 GB per README on page. License checked: website, paper — none found."
First-Person Social Interactions (Disney),Social interaction,2012,~42,8,Open,Live but broken,Not specified,RGB video,http://ai.stanford.edu/~alireza/Disney/,https://figshare.com/articles/media/Training_data/5483668 (subset; downsampled),CVPR 2012 (Fathi et al.),Unknown (could not fetch page; Stanford AI server returned 500),None (historically),Unknown,Not specified,Not specified,Not specified,Disney World; cap-mounted cameras; bystanders visible; 8 subjects,Not reported,Disney World Resort; Orlando FL,Not specified (cap-mounted camera),Not specified,Unknown,Not specified,ELAN annotations (activity type; participants),Custom,None,0,None,Unknown,~300,Stanford page loads per second auditor but full video downloads are dead. My web_fetch got 500/robots error. Figshare has downsampled subset (160x120). License checked: search - none found.
BEOID,Classic,2014,Unknown,8,Open,Live,Not specified,RGB video; Eye gaze; 3D scene reconstruction,https://www.cs.bris.ac.uk/~damen/BEOID/,Redirects to http://people.cs.bris.ac.uk/~damen/BEOID/,BMVC 2014 (Damen et al.),Direct download (directory listing with zip files),None,Immediate,Not specified,Not specified,Not specified,8 subjects in 6 locations; Bristol University,Not reported,6 locations (kitchen; workspace; printer; corridor; gym; weight machine),Not specified,Not specified,Small (annotation zip 19K; sample zip 8.9 MB),Not specified,ZIP (action annotations 2016; SEMBED annotations),Custom,None,1,None,September 2016 (annotation update),~150,"ASL Mobile Eye XG wearable gaze tracker. 6 locations: kitchen; workspace; printer; corridor; gym; weight machine. 5 operators for K/W/P/D; 3 for G/M. Has 3D maps and 3D object GT. Full videos on data.bris.ac.uk. License checked: website, data.bris, paper — none found."
Charades-Ego,Ego-exo cross-view,2018,68.8,112,Open,Live,Custom Academic,RGB video,https://prior.allenai.org/projects/charades-ego,https://github.com/gsig/actor-observer,CVPR 2018 (Sigurdsson et al.); arXiv 1804.09626,Direct download (AWS S3 links on page),None,Immediate,No,No,No,Actors filmed in homes via AMT; subjects should be treated with dignity per license,68536 activity instances,N/A,Varies (original + 480p),24,47 GB (original); 11 GB (480p),MP4,CSV; JSON,Custom,None official,2,https://github.com/gsig/actor-observer,2018,~350,Custom AI2 non-commercial license. No redistribution. No modification of data. Paired 1st/3rd person videos (7860 total; 4000 paired). Direct S3 download links work.
Assembly101,Action recognition,2022,513,53,Open,Live,CC-BY-NC-4.0,RGB video; Hand pose annotations; 3D point clouds,https://assembly-101.github.io/,https://github.com/assembly-101,CVPR 2022 (Sener et al.); arXiv 2203.14712,Download scripts on GitHub; Google Drive,None,Immediate,No,Yes with attribution,Yes (non-commercial),Toy vehicle assembly; controlled setting,100K+ coarse; 1M fine-grained action segments; 18M 3D hand poses,N/A,Varies,Varies,Unknown (large; 513h multi-view),MP4,CSV; JSON,Custom; per-view folders,None official,3,https://github.com/assembly-101,Oct 2024 (test labels released),~200,12 views (4 ego + 8 fixed). EgoVis Distinguished Paper Award 2022/2023. Mistake detection annotations available.
Ego-Deliver,Action recognition,2021,Unknown,Not specified,Restricted,Live,Not specified,RGB video,https://dl.acm.org/doi/10.1145/3474085.3475336,None found,ACM MM 2021,Unknown (ACM paper only),Unknown,Unknown,Not specified,Not specified,Not specified,Takeaway delivery riders; outdoor public scenes,5360 videos; 139K+ annotations,N/A,Not specified,Not specified,Unknown,Not specified,Not specified,Custom,None,0,None,2021,~30,"No independent dataset website found. Only ACM paper page. License checked: ACM page, search  -  none found. Download mechanism unclear."
HOMAGE,Action recognition,2021,30,27,Gated-Open,Live,Not specified,RGB video; Audio; IMU; Depth (RGB-D),https://homeactiongenome.org/,https://github.com/nishantrai18/homage,CVPR 2021 (Rai et al.); arXiv 2105.05226,Registration on website (download page),Registration form on website,Unknown,Not specified,Not specified,Not specified,Multi-view including egocentric; 12 sensor types; 2 home environments,497534 bounding boxes; 583481 relationships,2 homes,Not specified,Not specified,Unknown,Not specified,JSON,Custom,Yes (SlowFast-based code),2,https://github.com/nishantrai18/homage,2022 (CVPR competition),~23,"70 activity classes; 453 atomic actions; 1752 sequences. License checked: website, GitHub, paper  -  none found."
LEMMA,Action recognition,2020,Unknown,8,Gated-Open,Live,Not specified,RGB video; Depth (RGB-D); 3D point clouds,https://sites.google.com/view/lemma-activity,https://github.com/Buzz-Beater/LEMMA,ECCV 2020 (Jia et al.); arXiv 2007.15781,Registration form on Google Sites,Registration form,Unknown,Not specified,Not specified,Not specified,Multi-view (FPV+TPV); multi-agent settings,641 action classes; 11781 action segments; 4.6M frames,14 kitchens/living rooms,Not specified,Not specified,Unknown,Not specified,JSON,Custom,Yes (SlowFast-based code on GitHub),2,https://github.com/Buzz-Beater/LEMMA,2020,~50,"Currently only RGB images from FPV and TPV provided (per download page). License checked: website, GitHub, paper  -  none found."
DoMSEV,Summarization,2018,80,Not specified,Open,Live,Not specified,RGB video; IMU; Eye gaze,http://www.verlab.dcc.ufmg.br/semantic-hyperlapse/cvpr2018-dataset/,None found,CVPR 2018,Direct download from VeRLab page,None,Immediate,Not specified,Not specified,Not specified,Semantic hyperlapse research; various daily activities,Not reported,Various,Not specified,Not specified,Unknown,MP4,Custom,Custom,None,1,None,2018,~50,80 hours of egocentric video for semantic hyperlapse. License checked: website  -  none found.
EgoK360,Action recognition,2020,Unknown,Not specified,Open,Live,Not specified,RGB video,https://egok360.github.io/,Texas State Dataverse (doi:10.18738/T8/L64SHD),ICIP 2020 (Bhandari et al.); arXiv 2010.08055,Dataverse download via script on project page,N/A,N/A,Not specified,Not specified,Not specified,360-degree egocentric setup,Not reported,Not specified,Not specified,Not specified,Unknown,Not specified,Not specified,Custom,None,1,https://egok360.github.io/,Unknown,~30,"CORRECTED: Previously marked Unavailable/Dead. Actually live at egok360.github.io/ with Texas State Dataverse download. ICIP 2020 paper. 360-degree egocentric video. Year corrected from 2024 to 2020.; License checked: website, GitHub, paper — no terms found"
Breakfast,Action recognition,2014,77,52,Open,Redirect,CC-BY-4.0,RGB video,https://serre-lab.clps.brown.edu/resource/breakfast-actions-dataset/,https://github.com/hildekuehne/HTK_actionRecognition; Zenodo features,CVPR 2014 (Kuehne et al.),Direct download from Brown Serre Lab page (3.6 GB tar.gz),None,Immediate,Yes,Yes,Yes,Third-person kitchen recordings; 18 kitchens; not strictly egocentric,1712 videos,18 kitchens,320x240,15,3.6 GB (video tar.gz),AVI/MP4,Text (segmentation labels),Custom,Yes (HTK-based code),2,https://github.com/hildekuehne/HTK_actionRecognition,2016,~800,CC-BY-4.0 confirmed on website. URL redirects to serre.lab.brown.edu but specific resource page loads. 10 breakfast recipes. Not egocentric (third-person multi-view) but commonly benchmarked alongside ego datasets.
50 Salads,Action recognition,2013,~4,25,Open,Dead,CC-BY-NC-SA-4.0,RGB video; Depth (RGB-D); IMU,https://cvip.computing.dundee.ac.uk/datasets/foodpreparation/50salads/,Zenodo features: https://zenodo.org/record/3625992; mega.nz mirror,CVIU 2013 (Stein & McKenna),Direct download from Dundee CVIP page; DivX AVI files,None (via mirrors),Immediate,No,Yes with attribution,Yes (non-commercial; ShareAlike),Salad preparation; Kinect RGB-D + accelerometers,50 instances (25 people x 2 salads each),1 kitchen,640x480 (Kinect),30 (Kinect),Unknown,AVI (DivX 5.0),Text (segmentation labels),Custom,Community dataloaders (ASFormer etc.),1,None official,2013,~600,CORRECTED: Site is live (robots.txt blocks automated fetch but page accessible). CC-BY-NC-SA-4.0 license confirmed. Direct download available. DivX 5.0 AVI format. Not egocentric (overhead Kinect view).
THU-READ,Action recognition,2018,Unknown,8,Open,Live,Custom Academic,RGB video; Depth (RGB-D),http://ivg.au.tsinghua.edu.cn/dataset/THU_READ.php,Google Drive; BaiduYun,ICME 2018 (Tang et al.),Direct download (Google Drive + BaiduYun links on page),None,Immediate,No,Not specified,Not specified,Head-mounted RGBD camera; 40 action classes; all-about-hand actions,1920 video clips (8x2x40x3),Lab environment,Not specified,Not specified,Unknown,Video files,Text (train/test splits),Custom,None,1,None,2018,~50,"Non-commercial use only (stated on page). 40 action classes, 8 subjects, 3 repetitions each. Google Drive links appear functional."
FPVO,Action recognition,Unknown,Unknown,Not specified,Unavailable,Dead,Not specified,RGB video,http://www.eecs.qmul.ac.uk/~andrea/fpvo,None found,Unknown,N/A (page returns 404),N/A,N/A,Not specified,Not specified,Not specified,First-person office activities,Not reported,Office environment,Not specified,Not specified,Unknown,Not specified,Not specified,Custom,None,0,None,Unknown,Unknown,Primary URL returns 404. No alternative download found via search. License checked: search  -  none found.
HOI4D,Hand-object interaction,2022,Unknown,9,Open,Live,Not specified,RGB video; Depth (RGB-D); Hand pose annotations; Body pose annotations; 3D point clouds,https://hoi4d.github.io/,OneDrive; BaiduYun (pwd: 7gfs),CVPR 2022 (Liu et al.); arXiv 2203.01577,Direct download (OneDrive + Baidu Cloud links on page),None,Immediate,Not specified,Not specified,Not specified,9 participants; 800 object instances; 16 categories; controlled indoor rooms,2.4M RGB-D,610 rooms,Not specified,Not specified,Unknown (large; 2.4M frames),MP4; depth video,JSON; custom,Custom,Yes (GitHub code for action seg + sem seg),2,https://github.com/leolyliu/HOI4D-Instructions,2024 (test sets released),~150,"License checked: website, GitHub, paper  -  none found. Panoptic segmentation + hand pose + object pose provided."
HOT3D,Hand-object interaction,2025,~14,19,Gated-Open,Live,Custom Academic,RGB video; Depth (stereo); Eye gaze; Hand pose annotations; 3D point clouds; SLAM/odometry,https://facebookresearch.github.io/hot3d/,https://huggingface.co/datasets/bop-benchmark/hot3d,CVPR 2025 highlight; arXiv 2411.19167,Ego4D/Aria license system + HuggingFace,Email signup at projectaria.com/datasets/hot3D/,Immediate (email signup),No,Yes with restrictions,No,Project Aria + Quest 3; professional mocap for GT; 33 rigid objects,1.5M multi-view frames; 3.7M+ images,Lab (kitchen/office/living room scenarios),1408x1408 (Aria RGB); 640x480 (Aria mono); 1280x1024 (Quest 3),30,Unknown,VRS (Aria); MP4,JSON; custom,Custom; HOT3D-Clips for benchmarking,Yes (hot3d Python tools),3,https://github.com/facebookresearch/hot3d,Aug 2025,~50,CVPR 2025 highlight (top 13.5%). Has its OWN license at projectaria.com - separate from Ego4D. Email signup required. GitHub README: 'Review the HOT3D license agreement.' Also on HuggingFace (projectaria/hot3d). 833 minutes multi-view.
ARCTIC,Hand-object interaction,2023,Unknown,10,Gated-Open,Live,Custom Academic,RGB video; Hand pose annotations; Body pose annotations; Motion capture,https://arctic.is.tue.mpg.de/,https://github.com/zc-alexfan/arctic,CVPR 2023 (Fan et al.); arXiv 2204.13662,Login required on MPG website,Account registration at arctic.is.tue.mpg.de,Immediate (after registration),No,Not specified,No,Bimanual dexterous manipulation; articulated objects; MANO + SMPLX annotations,2.1M frames,Lab environment,Not specified,Not specified,Unknown,Image sequences,JSON; MANO/SMPLX params,Custom,Yes (arctic code on GitHub),2,https://github.com/zc-alexfan/arctic,2023,~150,MPG-style registration required. Non-commercial per standard MPG terms. 3D hand meshes + object meshes + dynamic contact annotations.
EgoDex,Hand-object interaction,2025,829,Not specified,Open,Live,CC-BY-NC-ND-4.0,RGB video; Hand pose annotations; Body pose annotations; Narrations/captions,https://github.com/apple/ml-egodex,None found,arXiv 2505.11709,Direct download via curl from Apple CDN (ml-site.cdn-apple.com),None,Immediate,No,No,Yes (non-commercial; no derivatives),Apple Vision Pro captures; 194 tabletop manipulation tasks; largest dexterous dataset,Not reported,Not specified,1080p,30,~800 GB+ (725h train + 7h test + 97h extra; split into zip parts),Not specified,Not specified,Custom,Yes (simple_dataset.py PyTorch example in repo),2,https://github.com/apple/ml-egodex,2025,~20,CC-BY-NC-ND-4.0 confirmed on GitHub README. No derivatives allowed. 829h from Apple Vision Pro at 30Hz 1080p. Direct curl download from Apple CDN. 194 tabletop manipulation tasks. HDF5 pose annotations paired with MP4 videos.
TACO,Hand-object interaction,2024,Unknown,Not specified,Open,Live,Not specified,RGB video; Hand pose annotations; Body pose annotations; Motion capture,https://taco2024.github.io/,OneDrive (pre-release); Dropbox (V1),CVPR 2024 (Liu et al.); arXiv 2401.08399,Direct download (OneDrive + Dropbox links on page),None,Immediate,Not specified,Not specified,Not specified,Bimanual tool-object interactions; 131 triplets; ego + 3rd person views,5.2M,Lab environment,Not specified,Not specified,Unknown,Not specified,JSON; custom,Custom,Yes (TACO-Instructions on GitHub),2,https://github.com/leolyliu/TACO-Instructions,2024,~30,"License checked: website, GitHub  -  none found. Multi-view (ego + third-person) with MANO annotations."
OAKINK2,Hand-object interaction,2024,Unknown,Not specified,Open,Live,Not specified,RGB video; Hand pose annotations; Body pose annotations; 3D point clouds,https://oakink.net/v2/,https://github.com/oakink/OakInk2; HuggingFace tarballs,CVPR 2024 (Zhan et al.),HuggingFace (tarballs via download script); GitHub toolkit,N/A,N/A,Not specified,Not specified,Not specified,Bimanual hands-object manipulation; complex task completion,Not reported,Not specified,Not specified,Not specified,Unknown,Not specified,Not specified,Custom,None,2,https://github.com/oakink/OakInk2,Unknown,<10,"INCORRECTLY marked as Unavailable/Dead in previous version. Actually live at oakink.net/v2/ with HuggingFace downloads and GitHub toolkit. Preview annotations; subject to future changes. 4 manipulation scenarios.; License checked: website, GitHub, paper — no terms found"
H2O,Hand-object interaction,2021,Unknown,Not specified,Gated-Open,Live,Not specified,RGB video; Depth (RGB-D); Hand pose annotations; 3D point clouds,https://taeinkwon.com/projects/h2o/,https://github.com/taeinkwon/h2odataset; https://h2odataset.ethz.ch/,ICCV 2021 (Kwon et al.); arXiv 2104.11181,ETH dataset server (h2odataset.ethz.ch),Unknown,Unknown,Not specified,Not specified,Not specified,Two-hand object interaction; multi-view RGB-D; ground-truth camera poses; ETH/Microsoft,Not reported,Lab environment,Not specified,Not specified,Unknown,Not specified,JSON,Custom,Yes (h2odataset code on GitHub),2,https://github.com/taeinkwon/h2odataset,2021,~100,"First benchmark for two-hand 3D interaction. Synchronized multi-view RGB-D. License checked: website, GitHub  -  none found."
FPHA,Hand-object interaction,2018,Unknown,6,Gated-Open,Live,Not specified,RGB video; Depth (RGB-D); Hand pose annotations,https://guiggh.github.io/publications/first-person-hands/,https://github.com/guiggh/hand_pose_action,CVPR 2018 (Garcia-Hernando et al.); arXiv 1704.02463,Google Form required for download,Google Form (goo.gl/forms link on page),Unknown,Not specified,Not specified,Not specified,6 actors; 26 objects; magnetic sensor-based hand pose capture (6 sensors + IK),100K+ frames; 1175 videos,Lab environment,Not specified,Not specified,Unknown,Video files; depth,JSON; custom,Custom,Yes (hand_pose_action code on GitHub),2,https://github.com/guiggh/hand_pose_action,2018,~200,"45 action categories. 21-joint 3D hand pose from 6 magnetic sensors + IK. Google Form gating. License checked: website, GitHub, paper  -  none found."
AssemblyHands,Hand-object interaction,2023,Unknown,Not specified,Open,Live,CC-BY-NC-4.0,RGB video; Hand pose annotations,https://assemblyhands.github.io/,https://github.com/facebookresearch/assemblyhands-toolkit,CVPR 2023 (Ohkawa et al.),Google Drive (via project page); GitHub toolkit,N/A,N/A,No,Not specified,Not specified,Egocentric 3D hand pose during assembly,3.0M annotated (490K egocentric),Not specified,Not specified,Not specified,Unknown,Not specified,Not specified,Custom,None,2,https://github.com/facebookresearch/assemblyhands-toolkit,Unknown,~80,INCORRECTLY marked as Unavailable/Dead in previous version. Actually live with project page + Meta GitHub toolkit. CC-BY-NC-4.0 license. Based on Assembly101 data with improved 3D hand pose annotations. 4.20mm avg keypoint error.
Hand-Object Segments,Hand-object interaction,2020,~3144,Not specified,Open,Live,Not specified,RGB video; Hand pose annotations,https://fouheylab.eecs.umich.edu/~dandans/projects/100DOH/,https://github.com/ddshan/hand_object_detector,CVPR 2020 Oral (Shan et al.),Direct download from project page + GitHub,N/A,N/A,Not specified,Not specified,Not specified,Hand-object interaction segmentations from 1000 videos,100K annotated frames (from 27.3K videos),Not specified,Not specified,Not specified,Unknown,Image frames,Pixel-level masks,Custom,None,2,https://github.com/ddshan/hand_object_detector,Unknown,~400,"INCORRECTLY marked as Unavailable/Dead. Actually the 100DOH (100 Days of Hands) dataset at fouheylab.eecs.umich.edu. 131 days of YouTube footage + 100K annotated frames. CVPR 2020 Oral. License: inherits from source datasets (EPIC-KITCHENS; EGTEA; CharadesEgo for ego subset).; License checked: website, GitHub, paper — no terms found"
EgoDexter,Hand-object interaction,2017,<1,4,Open,Live,Custom Academic,RGB video; Depth (RGB-D); Hand pose annotations,https://handtracker.mpi-inf.mpg.de/projects/OccludedHands/EgoDexter.htm,None needed,ICCV 2017 (Mueller et al.),Direct download (single 1.99 GB zip),None,Immediate,No,Not specified,Not specified,4 sequences; varying hand-object interactions; cluttered backgrounds; Intel RealSense SR300,1485 annotated of 3190 total frames,4 sequences,640x480 (Intel RealSense SR300),Not specified,1.99 GB,Image sequences; depth,Manual fingertip annotations,Custom,None,1,None,2017,~200,Non-commercial only per license. Intel RealSense SR300 RGB-D at 640x480. Small but well-annotated benchmark.
EgoHands,Hand-object interaction,2015,Unknown,Not specified,Open,Live,Not specified,RGB video; Hand pose annotations,http://vision.soic.indiana.edu/projects/egohands/,None found,ICCV 2015 (Bambach et al.),Direct download (1.3 GB labeled data zip; 3.9 GB video zip),None,Immediate,Not specified,Not specified,Not specified,48 Google Glass videos; complex first-person interactions between two people,4800 labeled frames; 15053 hand labels,Various (tabletop activities),720x1280,Not specified,1.3 GB (labels); 3.9 GB (videos),MP4,Matlab files (pixel-level hand masks),Custom,None official,1,None,2015,~300,License not specified but states 'welcome to use as long as you cite'. Google Glass footage. License checked: website  -  no formal license file.
DexYCB,Hand-object interaction,2021,Unknown,10,Open,Live,CC-BY-NC-4.0,RGB video; Depth (RGB-D); Hand pose annotations,https://dex-ycb.github.io/,https://github.com/NVlabs/dex-ycb-toolkit,CVPR 2021 (Chao et al.); arXiv 2104.04631,Direct download (links on page),None,Immediate,No,Yes with attribution,Yes (non-commercial),Hand grasping YCB objects; multi-view RGB-D; NVIDIA,582K RGB-D,Lab environment,640x480,30,119 GB,Image sequences; depth,JSON; custom,Custom,Yes (dex-ycb-toolkit),2,https://github.com/NVlabs/dex-ycb-toolkit,2021,~200,"CC-BY-NC-4.0 confirmed on project page. NVIDIA dataset. 8 Azure Kinect cameras at 640x480@30fps. 10 subjects, 20 YCB objects. 119GB single tar.gz download. Toolkit is GPL-3.0 (separate from data license)."
HO-Cap,Hand-object interaction,2024,Unknown,9,Open,Live,CC-BY-4.0,RGB video; Depth (RGB-D); Hand pose annotations; 3D point clouds,https://irvlutd.github.io/HOCap/,https://github.com/IRVLUTD/HO-Cap,NeurIPS 2025 D&B; arXiv 2406.06843,GitHub (download scripts + data links),None,Immediate,Yes,Yes,Yes,8 RGB-D cameras + HoloLens; 64 objects; 9 subjects,Not reported,Lab environment,Not specified,Not specified,Unknown,Image sequences; depth,JSON; custom,Custom,Yes (HO-Cap Python package),2,https://github.com/IRVLUTD/HO-Cap,Jan 2025 (bug fixes),~20,CC-BY-4.0 confirmed on OpenReview. Also supports egocentric (HoloLens) + third-person (RGB-D cameras). NVIDIA Isaac Sim rendering supported.
EgoBody,Body pose,2022,Unknown,36,Gated-Open,Live,CC-BY-NC-SA-4.0,RGB video; Depth (RGB-D); Eye gaze; Hand pose annotations; Body pose annotations; 3D scene reconstruction,https://sanweiliti.github.io/egobody/egobody.html,https://github.com/sanweiliti/EgoBody; https://egobody.ethz.ch/,ECCV 2022 (Zhang et al.); arXiv 2112.07642,Registration at egobody.ethz.ch then download,Account registration at egobody.ethz.ch,Unknown,No,Yes (ShareAlike),No,ETH Zurich; Microsoft HoloLens2 + Azure Kinect multi-view; additional CC-BY-NC-SA terms restrict sharing,219K third-person RGBD + 199K ego RGB frames,15 indoor 3D scenes,Not specified,Not specified,Unknown,VRS (HoloLens2); image sequences,PKL (SMPL-X params); JSON,Custom hierarchical,Yes (GitHub code for rendering + projection),3,https://github.com/sanweiliti/EgoBody,Oct 2023 (motion text labels added),~200,CC-BY-NC-SA-4.0 with additional terms on redistribution. 125 sequences. HoloLens2 egocentric + 3-5 Azure Kinects third-person. SMPL-X/SMPL body meshes for both interactee and camera wearer. Motion-X text labels provided.
EgoBody3M,Body pose,2024,Unknown,120,Open,Live,CC-BY-NC-4.0,RGB video; Body pose annotations; IMU,https://github.com/facebookresearch/EgoBody3M,None found,ECCV 2024 (Zhao et al.),Direct download (zip files per sequence),None,Immediate,No,Yes with attribution,Yes (non-commercial),Meta Reality Labs; Quest 3 VR headset SLAM cameras; diverse subjects,3M+ images from 2688 sequences,Not specified,Not specified,Not specified,Unknown,JPEG images; JSON metadata,JSON (body pose params per frame),Zip per sequence (images + metadata),No,2,https://github.com/facebookresearch/EgoBody3M,2024,~30,CC-BY-NC-4.0 confirmed on GitHub README. First controller-less egocentric body tracking on actual VR device. 2688 sequences from 120 subjects. 4 SLAM cameras on Quest 3.
EgoHumans,Body pose,2023,Unknown,Not specified,Open,Live,Not specified,RGB video; Body pose annotations; 3D point clouds,https://rawalkhirodkar.github.io/egohumans/,https://github.com/rawalkhirodkar/egohumans,ICCV 2023 Oral (Khirodkar et al.); arXiv 2305.16487,Google Drive (550 GB total; downloadable per sequence),None,Immediate,Not specified,Not specified,Not specified,"CMU + Meta; Aria glasses + GoPro multi-view; outdoor activities (tennis, fencing, volleyball)",125K+ egocentric images,"7+ scenes (tagging, lego, fencing, etc.)",4K,Not specified,550 GB,Image sequences,COCO-style JSON; 3D pose annotations,Custom hierarchical (sequences > subsequences),Yes (EgoFormer code in repo),2,https://github.com/rawalkhirodkar/egohumans,2023,~50,No license specified - checked GitHub README and DOWNLOAD.md. 4K resolution confirmed from repo description. Multi-human benchmark with Aria ego + GoPro secondary views.
Nymeria,Body pose,2024,300,264,Gated-Open,Live,CC-BY-NC-4.0,RGB video; Eye gaze; IMU; Body pose annotations; Motion capture; SLAM/odometry; 3D point clouds; Narrations/captions; Audio,https://www.projectaria.com/datasets/nymeria/,https://github.com/facebookresearch/nymeria_dataset; https://huggingface.co/datasets/projectaria/Nymeria,ECCV 2024 (Ma et al.); arXiv 2406.09905,Email signup at projectaria.com then download via Dataset Explorer or batch script,Email signup at projectaria.com,Immediate (after email),No,Yes with attribution,Yes (non-commercial),Meta; Project Aria glasses + wristbands + XSens MoCap suit; 47 houses + 3 campus locations; EgoBlur face/plate blurring,260M body poses; 201.2M images; 11.7B IMU samples; 10.8M gazes,50 locations (47 houses + 3 campus),Not specified (Aria native),240 (MoCap); 30 (RGB),~70 TB total,VRS (Aria); image sequences,JSON; PKL; custom,Custom (sequences > data groups),Yes (NymeriaDataProvider in GitHub repo),3,https://github.com/facebookresearch/nymeria_dataset,2024,~50,CC-BY-NC-4.0 confirmed on project page and GitHub. World's largest in-the-wild motion dataset. 1200 sequences. 310.5K language sentences. ~70TB total. Hierarchical motion-language annotations.
NymeriaPlus,Body pose,2026,300,264,Gated-Open,Live,CC-BY-NC-4.0,RGB video; Eye gaze; IMU; Body pose annotations; Motion capture; SLAM/odometry; 3D point clouds; Narrations/captions; Audio,https://arxiv.org/abs/2603.18496,https://explorer.projectaria.com/nymeria; https://github.com/facebookresearch/nymeria_dataset,arXiv 2603.18496 (Ma et al. 2026),Same access as Nymeria (projectaria.com Dataset Explorer),Email signup at projectaria.com,Immediate (after email),No,Yes with attribution,Yes (non-commercial),"Upgrade to Nymeria with improved SMPL motion, dense 3D/2D bounding boxes, instance-level 3D object reconstructions",Same base as Nymeria + upgraded annotations,50 locations (same as Nymeria),Not specified (Aria native),240 (MoCap); 30 (RGB),~70 TB (shared with Nymeria),VRS (Aria); image sequences,JSON; SMPL params; 3D bounding boxes,Same as Nymeria + additional annotation layers,Yes (same as Nymeria),2,https://github.com/facebookresearch/nymeria_dataset,March 2026 (arXiv),<10,"Very new (March 2026). Extends Nymeria with: improved SMPL body motion, dense 3D/2D bounding boxes, instance-level 3D object reconstructions. Same CC-BY-NC-4.0 license as Nymeria. Same access mechanism."
UnrealEgo / UnrealEgo2,Body pose,2022,Unknown,N/A,Open,Live,Not specified,RGB video; Depth (stereo); Body pose annotations,https://4dqv.mpi-inf.mpg.de/UnrealEgo2/,https://4dqv.mpi-inf.mpg.de/UnrealEgo/; https://unrealego.mpi-inf.mpg.de/,ECCV 2022 (Akada et al.); CVPR 2024,Download scripts on benchmark page,None,Immediate,Not specified,Not specified,Not specified,Synthetic data from Unreal Engine; virtual fisheye stereo cameras on 3D human models; MPI-Inf,UnrealEgo2: 1.25M stereo images; UnrealEgo: original corpus,Multiple synthetic environments,Fisheye stereo,Not specified,Unknown (UnrealEgo-RW ~170GB),Image sequences,JSON/CSV (72 body joint annotations: 32 body + 40 hand),Custom (per-motion splits),Yes (inference code on benchmark page),2,https://unrealego.mpi-inf.mpg.de/,2024 (benchmark challenge),~100,"License checked: project pages, benchmark page - none found. Synthetic dataset. UnrealEgo2 has 15200+ motions. Fully compatible with UnrealEgo. Benchmark challenge with held-out test sets."
UnrealEgo-RW,Body pose,2024,Unknown,Not specified,Open,Live,Not specified,RGB video; Depth (stereo); Body pose annotations,https://unrealego.mpi-inf.mpg.de/,None found,CVPR 2024 (Akada et al.),Download script on benchmark page (~170GB),None,Immediate,Not specified,Not specified,Not specified,Real-world companion to UnrealEgo2; portable compact fisheye-camera device; MPI-Inf,130K stereo images,Not specified,Fisheye stereo,Not specified,~170 GB,Image sequences,CSV (16 body joint annotations),Custom,Yes (inference code on benchmark page),2,https://unrealego.mpi-inf.mpg.de/,2024 (CVPR 2024),~30,"License checked: project page, benchmark page - none found. Real-world data with 16 body joints. Test GT held out for benchmark evaluation."
xR-EgoPose,Body pose,2019,Unknown,N/A,Open,Live,Custom Academic,RGB video; Body pose annotations,https://github.com/facebookresearch/xR-EgoPose,None found,ICCV 2019 Oral (Tome et al.); arXiv 1907.10045; TPAMI 2020 (SelfPose),GitHub releases (Facebook Technologies LLC agreement),Agreement to LICENSE.md terms on GitHub,Immediate,No,Yes with restrictions,Yes with restrictions,"Synthetic; Facebook Technologies LLC; diverse skin tones, body shapes, clothing; fish-eye camera on VR HMD rim",383K frames,Variety of indoor and outdoor (synthetic),Not specified (fisheye),Not specified,Unknown,Image sequences,JSON/custom (3D body joint annotations),Custom,Yes (PyTorch dataloader in repo),2,https://github.com/facebookresearch/xR-EgoPose,2020 (SelfPose extension),~200,Custom academic license confirmed in LICENSE.md on GitHub (Facebook Technologies LLC). Non-commercial research only. 383K photorealistic synthetic egocentric frames. Dual-branch encoder-decoder architecture.
HPS,Body pose,2021,Unknown,Not specified,Gated-Open,Live,Custom Academic,RGB video; IMU; Body pose annotations; SLAM/odometry,https://virtualhumans.mpi-inf.mpg.de/hps/,None found,CVPR 2021 (Guzov et al.),Registration at virtualhumans.mpi-inf.mpg.de,Account registration at MPG website,Unknown,No,No,No,MPG (Max Planck); body-mounted sensors + LiDAR-based localization in large scenes; SMPL body model,Not reported,Large indoor/outdoor scenes,Not specified,Not specified,Unknown,Not specified,SMPL params; JSON,Custom,Yes (code referenced in paper),1,None found,2021,~100,"Custom academic MPG license (non-commercial, non-transferable). 3D human pose + self-localization in large scenes. Body-mounted cameras + IMU."
EgoGesture,Action recognition,2018,Unknown,50,Gated-Open,Live,Custom Academic,RGB video; Depth (RGB-D),http://www.nlpr.ia.ac.cn/iva/yfzhang/datasets/egogesture.html,Google Drive; Baidu Netdisk (links sent after approval),IEEE T-MM 2018 (Zhang et al.); ICCV 2017 (Cao et al.),Application form on website; Google Drive/Baidu links emailed,Application form on website,48 hours (links expire in 48 hours),No,Not specified,Not specified,NLPR CAS; Intel RealSense SR300 head-mounted; 6 indoor/outdoor scenes; walking scenarios included,24K+ gesture samples; 3M frames,6 scenes (4 indoor + 2 outdoor),640x480,30,Unknown,AVI (RGB + depth),"CSV (class label, start frame, end frame)",Custom (Subject/Scene/Color|Depth),No,2,None,2018,~300,Released for research and educational purposes; all rights reserved. Application required. Download links expire in 48 hours. 83 gesture classes. Intel RealSense SR300 at 640x480@30fps.
GIMO,Body pose,2022,Unknown,Not specified,Gated-Open,Live,Custom Academic,RGB video; Eye gaze; Body pose annotations; 3D scene reconstruction; IMU,https://github.com/y-zheng18/GIMO,https://geometry.stanford.edu/projects/gimo/,ECCV 2022 (Zheng et al.); arXiv 2204.09443,Request link via GitHub (non-commercial agreement),Agreement to non-commercial terms,Unknown,No,Not specified,Not specified,Stanford + Tsinghua; inertial motion capture (not scene-tied); HoloLens2 for ego views; 3D scene scans,Not reported,Multiple indoor scenes,Not specified,Not specified,Unknown,PNG (ego images); BVH (motion); OBJ/PLY (scenes),CSV; JSON; PKL (SMPL-X),Custom hierarchical,Yes (eval code in repo),2,https://github.com/y-zheng18/GIMO,2022,~100,Non-commercial only (stated on GitHub). Gaze-informed motion prediction. Inertial MoCap + HoloLens2 ego views + 3D scene scans + eye gaze.
CIRCLE,Body pose,2024,10,5,Open,Live,Not specified,RGB video; Depth (RGB-D); Body pose annotations; 3D scene reconstruction,https://stanford-tml.github.io/circle_dataset/,None found,2024,Direct download from project page,None,Immediate,Not specified,Not specified,Not specified,Stanford; 5 subjects reaching in 9 scenes; RGBD egocentric for scene-conditioned motion generation,Not reported,9 scenes,Not specified,Not specified,Unknown,Not specified,Custom,Custom,Not specified,1,None found,2024,~30,10 hours of full-body reaching motion. License checked: project page - none found. Small focused dataset for scene-conditioned motion generation.
EgoSim,Body pose,2024,Unknown,Not specified,Open,Live,Not specified,RGB video; Body pose annotations; Motion capture,https://arxiv.org/abs/2410.17149,None found,NeurIPS 2024,Unknown (paper reference only),Unknown,Unknown,Not specified,Not specified,Not specified,NeurIPS 2024; multi-view body-worn cameras; multi-character interactions with GT poses,Not reported,Not specified,Not specified,Not specified,Unknown,Not specified,Not specified,Custom,Not specified,0,None found,2024,<10,"Need to verify download availability. NeurIPS 2024 paper. Multi-view body-worn camera dataset.; License checked: website, GitHub, paper — no terms found"
ADL4D,Body pose,2024,Unknown,Not specified,Open,Live,Not specified,RGB video; Body pose annotations; 3D point clouds,https://arxiv.org/abs/2402.17758,None found,arXiv 2402.17758 (2024),Unknown (paper reference only),Unknown,Unknown,Not specified,Not specified,Not specified,Human-object interactions with multiple people and objects simultaneously; 2024,Not reported,Not specified,Not specified,Not specified,Unknown,Not specified,Not specified,Custom,Not specified,0,None found,2024,<10,"Need to verify download availability. Referenced in EgocentricVision list. Novel perspective on multi-person HOI.; License checked: website, GitHub, paper — no terms found"
Aria Everyday Activities (AEA),Gaze and eye tracking,2024,Unknown,Not specified,Gated-Open,Live,CC-BY-NC-4.0,RGB video; Eye gaze; IMU; Audio; SLAM/odometry; 3D point clouds,https://www.projectaria.com/datasets/aea/,https://facebookresearch.github.io/projectaria_tools/docs/open_datasets/,arXiv 2402.13349,Email signup at projectaria.com,Email signup at projectaria.com,Immediate (after email),No,Yes with attribution,Yes (non-commercial),Meta Project Aria; 143 daily activity sequences; 3D trajectories + scene point clouds + speech transcription,143 sequences,Various daily activity environments,Not specified (Aria native),Not specified,Unknown,VRS (Aria),JSON; custom,Custom (Aria format),Yes (projectaria_tools),2,https://facebookresearch.github.io/projectaria_tools/,2024,~50,Project Aria dataset. CC-BY-NC-4.0 (consistent with other Aria datasets). 143 daily activity sequences. Email signup at projectaria.com.
VEDB,Gaze and eye tracking,2021,200,56,Open,Live,Not specified,RGB video; Eye gaze; IMU,https://jov.arvojournals.org/article.aspx?articleid=2802101,None found,J. Vision 2021,Unknown (journal article reference),Unknown,Unknown,Not specified,Not specified,Not specified,200+ hours of integrated eye movement + odometry + egocentric video; 56 observers ages 7-46,Not reported,Various natural environments,Not specified,Not specified,Unknown,Not specified,Custom,Custom,Not specified,1,None found,2021,~30,"200+ hours. 56 observers across wide age range (7-46). Need to verify download mechanism.; License checked: website, GitHub, paper — no terms found"
Egocentric Shopper Dataset,Gaze and eye tracking,2024,Unknown,36,Restricted,Live,Not specified,RGB video; Eye gaze,https://www.sciencedirect.com/science/article/pii/S1077314224002108,None found,CVIU 2024,Unknown (ScienceDirect paper reference),Unknown,Unknown,Not specified,Not specified,Not specified,108 first-person videos of 36 shoppers with eye fixation data in convenience store,108 videos,1 convenience store,Not specified,Not specified,Unknown,Not specified,Custom,Custom,Not specified,0,None found,2024,<10,License checked: paper only. 108 videos from 36 shoppers. Niche retail research dataset.
Object Search Dataset,Gaze and eye tracking,2019,Unknown,55,Open,Live,Not specified,RGB video; Eye gaze,https://github.com/Mengmi/deepfuturegaze_gan,None found,2019,GitHub repository,None,Immediate,Not specified,Not specified,Not specified,57 sequences of 55 subjects performing visual search and retrieval tasks with gaze data,57 sequences,Lab environments,Not specified,Not specified,Unknown,Not specified,Custom,Custom,Yes (GAN code in repo),1,https://github.com/Mengmi/deepfuturegaze_gan,2019,~30,License checked: GitHub - none found. 57 sequences. Visual search task with gaze prediction.
EgoCampus,Gaze and eye tracking,2025,Unknown,80,Open,Live,Not specified,RGB video; Eye gaze; IMU; SLAM/odometry,https://arxiv.org/abs/2512.07668,None found,arXiv 2512.07668,Unknown (arXiv paper only),Unknown,Unknown,Not specified,Not specified,Not specified,25 outdoor paths over 6 km; 80+ participants; Aria glasses; outdoor gaze prediction,Not reported,25 outdoor paths,Not specified (Aria native),Not specified,Unknown,VRS (Aria),Custom,Custom,Not specified,0,None found,2025,<10,"Need to verify download availability. Outdoor egocentric gaze prediction with Aria glasses. 6 km+ of paths.; License checked: website, GitHub, paper — no terms found"
Sanctuaria-Gaze,Gaze and eye tracking,2025,Unknown,Not specified,Restricted,Live,Not specified,RGB video; Eye gaze,https://dl.acm.org/doi/10.1145/3769091,None found,ACM 2025,Unknown (ACM paper reference),Unknown,Unknown,Not specified,Not specified,Not specified,40 visits to 4 Italian sanctuaries; eye-tracking + gaze coordinates + head motion; cultural heritage,40 visits,4 Italian sanctuaries,Not specified,Not specified,Unknown,Not specified,Custom,Custom,Not specified,0,None found,2025,<10,License checked: ACM paper only. Cultural heritage visual attention. Niche dataset. Need to verify download.
MECCANO,Industrial and procedural,2023,Unknown,20,Open,Live,Not specified,RGB video; Depth (RGB-D); Eye gaze,https://iplab.dmi.unict.it/MECCANO/,https://github.com/fpv-iplab/MECCANO,CVIU 2023 (Ragusa et al.); WACV 2021,"Direct download from project page (RGB, depth, gaze, annotations)",None,Immediate,Not specified,Not specified,Not specified,University of Catania; toy motorbike assembly; custom headset with RGB+depth+gaze,Not reported,Industrial-like lab setting,1920x1080 (RGB); 640x480 (depth),12,Unknown,Image frames,COCO-style JSON; CSV (temporal annotations),Custom,Yes (PySlowFast + Detectron2 integration),3,https://github.com/fpv-iplab/MECCANO,2023 (CVIU paper),~100,"License checked: project page, GitHub, paper - none found. 20 subjects, 61 action classes, 20 object classes. Direct download links on page. Good documentation."
ENIGMA-51,Industrial and procedural,2024,Unknown,19,Open,Live,Not specified,RGB video; Eye gaze; Hand pose annotations,https://iplab.dmi.unict.it/ENIGMA51/,None found,2024,Direct download from project page,None,Immediate,Not specified,Not specified,Not specified,University of Catania; electrical board repair; industrial scenario,51 sequences,Industrial lab,Not specified,Not specified,Unknown,Video,JSON; CSV,Custom,Not specified,1,None found,2024,~20,51 egocentric sequences. 19 subjects repairing electrical boards. Temporal HOI detection and anticipation. License checked: project page - none found.
ENIGMA-360,Industrial and procedural,2024,Unknown,Not specified,Open,Live,Not specified,RGB video,https://iplab.dmi.unict.it/ENIGMA-360,None found,2024,Direct download from project page,None,Immediate,Not specified,Not specified,Not specified,University of Catania; 180 ego + 180 exo synchronized videos; real industrial scenario,360 videos (180 ego + 180 exo),Industrial setting,Not specified,Not specified,Unknown,Video,Custom,Custom,Not specified,1,None found,2024,~10,180 ego + 180 exo synchronized procedural videos. License checked: project page - none found.
IndustReal,Industrial and procedural,2024,Unknown,27,Open,Live,Not specified,RGB video,https://timschoonbeek.github.io/industreal.html,4TU.ResearchData (data.4tu.nl),WACV 2024 (Schoonbeek et al.),Project page + 4TU.ResearchData (code + 3D models),Unknown,Unknown,Not specified,Not specified,Not specified,Procedure step recognition with execution errors; 27 participants; WACV 2024,Not reported,Industrial-like,Not specified,Not specified,Unknown,Not specified,Not specified,Custom,Not specified,2,None found,2024,<10,"CORRECTED: Was marked paper-only. Actually has project page + 4TU.ResearchData download. 27 participants. Procedure step recognition with execution errors. WACV 2024.; License checked: website, GitHub, paper — no terms found"
HoloAssist,Industrial and procedural,2023,166,222,Open,Live,Custom Academic,RGB video; Depth (RGB-D); Eye gaze; Hand pose annotations; Audio; IMU,https://holoassist.github.io/,https://github.com/Ember-HoloAssist/holoassist-release,ICCV 2023 (Wang et al.); arXiv 2309.17024,Direct download via links on project page,None,Immediate,Yes,Yes,Yes,Microsoft Research + ETH; HoloLens2; 350 instructor-performer pairs; 20 manipulation tasks; 7 sensor modalities,Not reported,Various object manipulation settings,Not specified (HoloLens2 native),Not specified,Unknown (large; 166h multi-modal),PNG (depth); video (RGB),JSON; CSV (action + conversational annotations),Custom (per-session folders),Yes (PyHoloAssist toolkit),3,https://github.com/taeinkwon/PyHoloAssist,2023,~80,"CDLAv2 permissive license - confirmed on project page and GitHub. ALLOWS commercial use. 166h, 222 participants, 350 pairs. Mistake detection benchmarks. 7 synchronized modalities from HoloLens2."
CaptainCook4D,Industrial and procedural,2023,94.5,Not specified,Open,Live,Not specified,RGB video; Depth (RGB-D); Eye gaze; Hand pose annotations; Audio; IMU,https://captaincook4d.github.io/captain-cook/,https://github.com/CaptainCook4D,2023,Direct download (HoloLens2 + GoPro data),None,Immediate,Not specified,Not specified,Not specified,HoloLens2 + GoPro; 24 cooking recipes; correct AND erroneous executions; error detection,384 recordings,Kitchen environments,Not specified,Not specified,Unknown,Video,JSON; custom,Custom,Yes (GitHub code),2,https://github.com/CaptainCook4D,2023,~30,"384 recordings (94.5h). 24 cooking recipes with both correct and erroneous executions. License checked: project page, GitHub - none found."
EgoProceL,Industrial and procedural,2022,62,130,Open,Live,Not specified,RGB video,https://sid2697.github.io/egoprocel/,https://cvit.iiit.ac.in/research/projects/cvit-projects/egoprocel,2022,Direct download from project page,None,Immediate,Not specified,Not specified,Not specified,IIIT Hyderabad; 16 procedural tasks; self-supervised procedure learning,Not reported,Various task settings,Not specified,Not specified,Unknown,Video,Custom,Custom,Not specified,1,None found,2022,~30,62 hours from 130 subjects. 16 procedural tasks. License checked: project page - none found.
AssistQ,Industrial and procedural,2022,Unknown,Not specified,Open,Live,Not specified,RGB video,https://showlab.github.io/assistq/,https://github.com/showlab/Q2A,ECCV 2022,Google Drive via GitHub (password: showlab),None (password 'showlab' on GitHub),Immediate,Not specified,Not specified,Not specified,Affordance-centric question-driven task completion; ECCV 2022,Not reported,Not specified,Not specified,Not specified,Unknown,Not specified,Not specified,Custom,Not specified,2,https://github.com/showlab/Q2A,2022,<20,"CORRECTED: Was marked Restricted/paper-only. Actually has project page + GitHub + Google Drive download. ECCV 2022. Affordance-centric question-driven task completion.; License checked: website, GitHub, paper — no terms found"
EgoPER,Industrial and procedural,2024,Unknown,Not specified,Open,Live,Not specified,RGB video,https://github.com/robert80203/EgoPER_official,None found,CVPR 2024,GitHub repository,None,Immediate,Not specified,Not specified,Not specified,Error detection in egocentric procedural videos; CVPR 2024,Not reported,Not specified,Not specified,Not specified,Unknown,Video,Custom,Custom,Yes (official code in repo),1,https://github.com/robert80203/EgoPER_official,2024,~20,License checked: GitHub - none found. Error detection in procedural task videos.
Egocentric-10K,Industrial and procedural,2024,Unknown,Not specified,Open,Live,Not specified,RGB video,https://huggingface.co/datasets/builddotai/Egocentric-10K,None found,2024,HuggingFace direct download,None,Immediate,Not specified,Not specified,Not specified,builddotai; head-mounted camera in factory environments; largest factory egocentric dataset,10K+ videos,Factory environments,Not specified,Not specified,Unknown,Video,Custom,HuggingFace dataset format,Yes (HuggingFace datasets library),1,None,2024,~10,License checked: HuggingFace page - need to verify. Factory worker footage. Head-mounted cameras.
Egocentric-100K,Industrial and procedural,2025,Unknown,Not specified,Open,Live,Not specified,RGB video,https://huggingface.co/datasets/builddotai/Egocentric-100K,None found,2025,HuggingFace direct download,None,Immediate,Not specified,Not specified,Not specified,builddotai; expanded factory dataset; 100K+ videos across multiple factories,100K+ videos,Multiple factories,Not specified,Not specified,Unknown,Video,Custom,HuggingFace dataset format,Yes (HuggingFace datasets library),1,None,2025,<10,Expanded version of Egocentric-10K. License checked: HuggingFace page - need to verify.
EgoCom,Social interaction,2020,38.5,Not specified,Open,Live,CC-BY-NC-4.0,RGB video; Audio,https://github.com/facebookresearch/EgoCom-Dataset,None found,2020,GitHub (Facebook Research),None,Immediate,No,Yes with attribution,Yes (non-commercial),Facebook Research; multi-person multi-modal egocentric communications; conversational dynamics,Not reported,Conversational settings,Not specified,Not specified,Unknown,Video; audio,Custom,Custom,Yes (code in repo),2,https://github.com/facebookresearch/EgoCom-Dataset,2020,~30,"CC-BY-NC-4.0 needs verification from GitHub LICENSE file. Facebook Research. Multi-person egocentric conversations.; License assumed from Facebook Research pattern, not explicitly confirmed on dataset page"
UTokyo Paired Ego-Video (PEV),Social interaction,2018,Unknown,Not specified,Open,Live,Not specified,RGB video,https://yonetaniryo.github.io/fpv_data.html,None found,2018,Direct download from project page,None,Immediate,Not specified,Not specified,Not specified,UTokyo; 1226 pairs of first-person clips from synchronous dyadic conversations,1226 paired clips,Conversational settings,Not specified,Not specified,Unknown,Video,Custom,Custom,Not specified,1,None found,2018,~20,License checked: project page - none found. 1226 paired ego clips from dyadic conversations.
UTokyo Ego-Surf,Social interaction,2018,Unknown,Not specified,Open,Live,Not specified,RGB video,https://yonetaniryo.github.io/fpv_data.html,None found,2018,Direct download from project page,None,Immediate,Not specified,Not specified,Not specified,UTokyo; 8 groups of synchronized first-person videos during face-to-face conversations,8 groups,Conversational settings,Not specified,Not specified,Unknown,Video,Custom,Custom,Not specified,1,None found,2018,~10,License checked: project page - none found. 8 groups of synchronized face-to-face conversation videos.
EasyCom,Social interaction,2022,Unknown,Not specified,Restricted,Live,Not specified,RGB video; Audio; Depth (RGB-D),https://arxiv.org/abs/2107.04174,None found,arXiv 2107.04174,Unknown (arXiv paper reference),Unknown,Unknown,Not specified,Not specified,Not specified,AR dataset for communication algorithms in noisy environments; Meta,Not reported,Noisy communication environments,Not specified,Not specified,Unknown,Not specified,Custom,Custom,Not specified,0,None found,2022,~30,"Need to verify download. AR communication dataset. May be part of Project Aria ecosystem.; License checked: website, GitHub, paper — no terms found"
Multimodal Focused Interaction Dataset,Social interaction,2018,~6,17,Open,Live,Not specified,RGB video; Depth (RGB-D); Audio; Eye gaze,https://cvip.computing.dundee.ac.uk/datasets/focusedinteraction/,None found,2018,Direct download from Dundee CVIP page,None,Immediate,Not specified,Not specified,Not specified,University of Dundee; 377 minutes from 19 sessions; 17 conversational partners; multimodal,377 minutes,Conversational lab setting,Not specified,Not specified,Unknown,Video; depth; audio,Custom,Custom,Not specified,1,None found,2018,~10,License checked: Dundee CVIP page - none found. 377 minutes of continuous multimodal recording. Same lab group as 50 Salads (robots.txt may block fetch).
EgoExoLearn,Ego-exo cross-view,2024,120,Not specified,Open,Live,Not specified,RGB video; Eye gaze; Narrations/captions,https://egoexolearn.github.io/,https://github.com/OpenGVLab/EgoExoLearn; https://huggingface.co/datasets/hyf015/EgoExoLearn,CVPR 2024 (Huang et al.); arXiv 2403.16182,HuggingFace + GitHub,None,Immediate,Not specified,Not specified,Not specified,Shanghai AI Lab + multi-university; 432 ego + 315 demo videos; gaze signals; daily + specialized labs,747 video sequences,Daily life + specialized labs,Not specified,Not specified,Unknown,Video,JSON; multi-level annotations,Custom,Yes (benchmark code in repo),2,https://github.com/OpenGVLab/EgoExoLearn,Aug 2024 (QA annotations released),~50,"License file exists on GitHub but content needs verification. 120h total (96.5h ego + 23.5h demo). Cross-view association + action planning + skill assessment benchmarks.; License checked: website, GitHub, paper — no terms found"
EgoExo-Fitness,Ego-exo cross-view,2024,Unknown,Not specified,Open,Live,Not specified,RGB video; Body pose annotations,https://github.com/iSEE-Laboratory/EgoExo-Fitness,None found,ECCV 2024,GitHub repository,None,Immediate,Not specified,Not specified,Not specified,Synchronized ego + exo full-body fitness videos; fine-grained action + quality scores; ECCV 2024,Not reported,Fitness/gym environments,Not specified,Not specified,Unknown,Video,JSON; quality scores,Custom,Yes (code in repo),1,https://github.com/iSEE-Laboratory/EgoExo-Fitness,2024,~20,License checked: GitHub - none found. Synchronized ego+exo fitness with quality assessment.
TF2023,Ego-exo cross-view,2024,Unknown,Not specified,Open,Live,Not specified,RGB video,https://github.com/ziweizhao1993/PEN,None found,CVPR 2024,GitHub repository,None,Immediate,Not specified,Not specified,Not specified,208K train + 87K test synchronized first/third-person image pairs with camera wearer masks; CVPR 2024,295K image pairs,Not specified,Not specified,Not specified,Unknown,Image pairs,Masks; custom,Custom,Yes (PEN code),1,https://github.com/ziweizhao1993/PEN,2024,~10,License checked: GitHub - none found. Large-scale paired first/third person images.
EPIC-Tent,Ego-exo cross-view,2019,~7,29,Open,Live,Not specified,RGB video; Eye gaze,https://data.bristol.ac.uk/data/dataset/2ite3tu1u53n42hjfh3886sa86,https://sites.google.com/view/epic-tent,ICCVW 2019 (Jang et al.),Direct download from Bristol data.bris repository,None,Immediate,Not specified,Not specified,Not specified,University of Bristol; GoPro + SMI eye tracker; tent assembly; task errors + uncertainty annotations,Not reported,Outdoor (tent assembly),Not specified,Not specified,Unknown,MP4 (GoPro); AVI (SMI),Text (action labels; timestamps),Per-participant folders,No,2,None,2020 (data.bris),~30,"License checked: data.bris, project page - none found. 29 participants (updated from paper's 24). Two synchronized head-mounted cameras. Task error + uncertainty annotations."
CASTLE 2024,Ego-exo cross-view,2025,600,10,Open,Live,Not specified,RGB video,https://castle-dataset.github.io/,None found,arXiv 2503.17116,Direct download from project page,None,Immediate,Not specified,Not specified,Not specified,"600+ hours UHD (4K, 50fps); 10 participants over 4 days; 15 GoPro cameras",Not reported,Indoor/outdoor daily activities,3840x2160 (4K),50,Unknown (very large; 600h 4K),MP4 (GoPro),Custom,Custom,Not specified,1,None found,2025,<10,License checked: project page - none found. Massive scale: 600+ hours of 4K@50fps. 15 synchronized GoPros.
EgoMe,Ego-exo cross-view,2025,Unknown,Not specified,Open,Live,Not specified,RGB video; Eye gaze; IMU,https://huggingface.co/datasets/HeqianQiu/EgoMe,None found,2025,HuggingFace direct download,None,Immediate,Not specified,Not specified,Not specified,7902 paired exo-ego videos; eye gaze + IMU; multi-level annotations for imitation learning,7902 paired videos,Not specified,Not specified,Not specified,Unknown,Video,Multi-level annotations,HuggingFace dataset format,Yes (HuggingFace datasets library),1,None found,2025,<10,License checked: HuggingFace page - needs verification. 7902 paired exo-ego videos for imitation learning.
MultiEgo,Ego-exo cross-view,2025,Unknown,5,Restricted,Live,Not specified,RGB video,https://arxiv.org/abs/2512.11301,None found,arXiv 2512.11301,Unknown (arXiv paper only),Unknown,Unknown,Not specified,Not specified,Not specified,Multi-view egocentric for 4D dynamic scene reconstruction; 5 social scenes; 5 participants with AR glasses,Not reported,5 social scenes,Not specified,Not specified,Unknown,Not specified,Not specified,Custom,Not specified,0,None found,2025,<10,"Need to verify download. 5 participants wearing AR glasses in 5 social scenes.; License checked: website, GitHub, paper — no terms found"
EgoSeg,Navigation and localization,2015,Unknown,Not specified,Open,Live,Not specified,RGB video,http://www.vision.huji.ac.il/egoseg/,None found,2015,Direct download from project page,None,Immediate,Not specified,Not specified,Not specified,"Hebrew University; walking, running, driving; temporal segmentation",Not reported,Various outdoor,Not specified,Not specified,Unknown,Video,Custom,Custom,No,1,None,2015,~50,License checked: project page - none found. Long-term egocentric activity temporal segmentation.
VINST / Visual Diaries,Navigation and localization,2013,Unknown,1,Open,Live,Not specified,RGB video,http://www.csc.kth.se/cvap/vinst/NovEgoMotion.html,None found,2013,Direct download from KTH page,None,Immediate,Not specified,Not specified,Not specified,KTH; 31 videos of walking from metro to work,31 videos,Urban commute path,Not specified,Not specified,Unknown,Video,Custom,Custom,No,1,None,2013,~30,License checked: KTH page - none found. 31 commute videos. Classic early ego navigation dataset.
EgoCart,Navigation and localization,2019,Unknown,Not specified,Open,Live,Not specified,RGB video,http://iplab.dmi.unict.it/EgocentricShoppingCartLocalization/,None found,2019,Direct download from Catania page,None,Immediate,Not specified,Not specified,Not specified,University of Catania; shopping cart egocentric images for retail localization,Not reported,Retail store,Not specified,Not specified,Unknown,Image sequences,Custom,Custom,Not specified,1,None,2019,~20,License checked: project page - none found. Shopping cart perspective for store localization.
EGO-CH,Navigation and localization,2020,Unknown,70,Open,Live,Not specified,RGB video; Eye gaze,https://iplab.dmi.unict.it/EGO-CH/,None found,2020,Direct download from Catania page,None,Immediate,Not specified,Not specified,Not specified,University of Catania; 70 subjects visiting 2 cultural heritage sites in Sicily,Not reported,2 cultural heritage sites,Not specified,Not specified,Unknown,Video,Custom,Custom,Not specified,1,None,2020,~30,"License checked: project page - none found. Cultural heritage visits. 70 subjects, 2 Sicilian sites."
UNICT-VEDI,Navigation and localization,2018,Unknown,Not specified,Open,Live,Not specified,RGB video,http://iplab.dmi.unict.it/VEDI/,None found,2018,Direct download from Catania page,None,Immediate,Not specified,Not specified,Not specified,University of Catania; museum visit egocentric videos with POI annotations,Not reported,Museum,Not specified,Not specified,Unknown,Video,Custom,Custom,Not specified,1,None,2018,~10,License checked: project page - none found. Museum visit with points of interest.
Location Based Ego Segmentation,Navigation and localization,2017,Unknown,Not specified,Open,Live,Not specified,RGB video,http://iplab.dmi.unict.it/PersonalLocationSegmentation/,None found,2017,Direct download from Catania page,None,Immediate,Not specified,Not specified,Not specified,University of Catania; egocentric video segmented by personal locations,Not reported,Personal locations,Not specified,Not specified,Unknown,Video,Custom,Custom,No,1,None,2017,~10,License checked: project page - none found. Location-based video segmentation.
Recognition of Personal Locations,Navigation and localization,2016,Unknown,Not specified,Open,Live,Not specified,RGB video,http://iplab.dmi.unict.it/PersonalLocations/,None found,2016,Direct download from Catania page,None,Immediate,Not specified,Not specified,Not specified,University of Catania; egocentric clips classified by location,Not reported,Personal locations,Not specified,Not specified,Unknown,Video,Custom,Custom,No,1,None,2016,~10,License checked: project page - none found. Personal location classification from ego video.
CEN,Navigation and localization,2025,6,Not specified,Restricted,Live,Not specified,RGB video; Eye gaze; IMU; SLAM/odometry,https://arxiv.org/abs/2511.17581,None found,arXiv 2511.17581,Unknown (arXiv paper only),Unknown,Unknown,Not specified,Not specified,Not specified,Cognition-Aware Egocentric Navigation; 42 diverse environments; gaze+IMU+GPS,Not reported,42 environments,Not specified,Not specified,Unknown,Video,Custom,Custom,Not specified,0,None,2025,<10,"Need to verify download. 6 hours across 42 environments. Gaze + IMU + GPS.; License checked: website, GitHub, paper — no terms found"
PEDESTRIAN,Navigation and localization,2025,Unknown,Not specified,Restricted,Live,Not specified,RGB video,https://arxiv.org/abs/2512.19190,None found,arXiv 2512.19190,Unknown (arXiv paper only),Unknown,Unknown,Not specified,Not specified,Not specified,340 egocentric videos of 29 obstacle types on urban sidewalks,340 videos,Urban sidewalks,Not specified,Not specified,Unknown,Video,Custom,Custom,Not specified,0,None,2025,<10,"Need to verify download. Pedestrian obstacle detection. 340 videos, 29 obstacle types.; License checked: website, GitHub, paper — no terms found"
Simulated Egocentric Navigations,Navigation and localization,2016,Unknown,N/A,Open,Live,Not specified,RGB video,http://iplab.dmi.unict.it/SimulatedEgocentricNavigations/,None found,2016,Direct download from Catania page,None,Immediate,Not specified,Not specified,Not specified,University of Catania; simulated virtual agent navigating large building,Not reported,Virtual building,Not specified,Not specified,Unknown,Video,Custom,Custom,No,1,None,2016,~10,License checked: project page - none found. Simulated navigation in virtual building.
Ego-1K,3D reconstruction,2026,Unknown,Not specified,Open,Live,Custom Academic,RGB video; Depth (stereo),https://huggingface.co/datasets/facebook/ego-1k,None found,CVPR 2026,HuggingFace direct download,None,Immediate,No,Not specified,Not specified,Meta; 956 short egocentric multiview videos; 12 cameras + VR headset rig; hand-object interactions,5.9M images,Various hand-object scenes,Not specified,Not specified,17.5 TB,Video,Custom,HuggingFace dataset format,Not specified,1,None found,2026,<10,"FAIR Noncommercial Research License (stated on HuggingFace). CVPR 2026. 956 videos, 5.9M images (491K frames x 12 cameras). 17.5TB. Custom VR headset rig with 12 cameras."
EgoPAT3D,3D reconstruction,2022,Unknown,Not specified,Open,Live,Not specified,RGB video; Depth (RGB-D); 3D point clouds,https://ai4ce.github.io/EgoPAT3D/,None found,2022,Direct download from project page,None,Immediate,Not specified,Not specified,Not specified,NYU AI4CE lab; egocentric prediction of action target in 3D; RGB-D + point clouds,Not reported,Not specified,Not specified,Not specified,Unknown,Video; depth,JSON; 3D annotations,Custom,Not specified,1,None found,2022,~30,License checked: project page - none found. Egocentric 3D action target prediction.
EgoObjects,Object detection,2023,Unknown,250,Open,Live,Not specified,RGB video,https://github.com/facebookresearch/EgoObjects,None found,ICCV 2023 (Zhu et al.); arXiv 2309.08816,GitHub (Meta/Facebook Research),None,Immediate,Not specified,Not specified,Not specified,Meta; 9K+ videos; 250 participants from 50+ countries; 4 wearable devices; instance-level object IDs,114K annotated frames; 650K+ object annotations,50+ countries,Not specified,Not specified,Unknown,Video,LVIS-style JSON (COCO compatible),Custom,Yes (EgoObjects API in repo),2,https://github.com/facebookresearch/EgoObjects,2023,~50,"License checked: GitHub - needs verification from LICENSE file. 368 categories, 14K instances. 4 benchmark tasks. Federated annotation process."
TEgO,Object detection,2020,Unknown,Not specified,Open,Live,Not specified,RGB video,https://iamlabumd.github.io/tego/,None found,2020,Direct download from project page,None,Immediate,Not specified,Not specified,Not specified,UMD IAMLab; egocentric images of 19 objects for teachable object recognition,Not reported,Not specified,Not specified,Not specified,Unknown,Image sequences,Custom,Custom,Not specified,1,None found,2020,~10,License checked: project page - none found. Small dataset (19 objects). Teachable egocentric object recognizer.
Visual Market Basket Analysis,Object detection,2018,Unknown,Not specified,Open,Live,Not specified,RGB video,http://iplab.dmi.unict.it/vmba/,None found,2018,Direct download from Catania page,None,Immediate,Not specified,Not specified,Not specified,IPLab Catania family; shopping cart egocentric images for product recognition,Not reported,Retail store,Not specified,Not specified,Unknown,Image sequences,Custom,Custom,Not specified,1,None found,2018,~10,License checked: project page - none found. IPLab Catania family. Shopping cart product recognition.
EgoBlind,VQA and language,2025,Unknown,Not specified,Restricted,Live,Not specified,RGB video; Audio,https://arxiv.org/abs/2503.08221,None found,arXiv 2503.08221,Unknown (arXiv paper only),Unknown,Unknown,Not specified,Not specified,Not specified,1392 first-person videos of blind/visually impaired individuals; 5311 assistance-oriented questions,1392 videos,Various daily scenarios (blind users),Not specified,Not specified,Unknown,Video,QA pairs,Custom,Not specified,0,None found,2025,<10,"Need to verify download. Unique dataset: blind/VI users. 5311 assistance-oriented QA pairs. Important accessibility research.; License checked: website, GitHub, paper — no terms found"
EgoTaskQA,VQA and language,2022,Unknown,Not specified,Open,Live,Not specified,RGB video,https://github.com/Buzz-Beater/EgoTaskQA,None found,2022,GitHub repository,None,Immediate,Not specified,Not specified,Not specified,40K balanced QA pairs over 2K egocentric videos for task understanding,2K videos; 40K QA pairs,Not specified,Not specified,Not specified,Unknown,Video,JSON (QA pairs),Custom,Yes (code in repo),1,https://github.com/Buzz-Beater/EgoTaskQA,2022,~30,License checked: GitHub - none found. 40K balanced QA pairs. Egocentric task understanding.
EgoSurgery,Surgical,2024,15,Not specified,Open,Live,Not specified,RGB video; Eye gaze; Hand pose annotations,https://github.com/Fujiry0/EgoSurgery,None found,MICCAI 2024 (Phase); arXiv 2406.03095 (Tool); arXiv 2503.18755 (HTS),GitHub repository (Phase + Tool + HTS annotations),None,Immediate,Not specified,Not specified,Not specified,"Real open surgery egocentric video; 3 annotation tracks: Phase (9 phases), Tool (49K+ bboxes, 15 categories), HTS (pixel-level hand-tool segmentation)",49K+ tool bboxes; 46K+ hand bboxes,Operating room,Not specified,Not specified,Unknown,Video,JSON; segmentation masks; bounding boxes,Custom,Yes (code in repo),2,https://github.com/Fujiry0/EgoSurgery,2025 (HTS track added),~20,License checked: GitHub - none found. Single dataset family with 3 annotation tracks. 15h real open surgery. Important medical/surgical domain.
EgoExOR,Surgical,2025,Unknown,Not specified,Restricted,Live,Not specified,RGB video; 3D scene reconstruction,https://openreview.net/forum?id=MOSXyN4ilj,None found,OpenReview 2025,Unknown (OpenReview paper reference),Unknown,Unknown,Not specified,Not specified,Not specified,First ego-exo operating room dataset with dense scene graphs,Not reported,Operating room,Not specified,Not specified,Unknown,Not specified,Scene graphs; custom,Custom,Not specified,0,None found,2025,<10,"Need to verify download. First ego-exo OR dataset. Dense scene graphs. May be restricted due to medical privacy.; License checked: website, GitHub, paper — no terms found"
